Datetime,Water Level (m)
2025-06-12 18:00:00,-0.0050525563
2025-06-12 19:00:00,0.20511688
2025-06-12 20:00:00,0.43732992
2025-06-12 21:00:00,0.72863185
2025-06-12 22:00:00,0.84088147
2025-06-12 23:00:00,0.8121748
2025-06-13 00:00:00,0.65739685
2025-06-13 01:00:00,0.4390287
2025-06-13 02:00:00,0.22265851
2025-06-13 03:00:00,0.036711283
2025-06-13 04:00:00,-0.12087741
2025-06-13 05:00:00,-0.22476225
2025-06-13 06:00:00,0.04916967
2025-06-13 07:00:00,0.35506895
2025-06-13 08:00:00,0.7492835
2025-06-13 09:00:00,1.191194
2025-06-13 10:00:00,1.3820024
2025-06-13 11:00:00,1.4122959
2025-06-13 12:00:00,1.2156526
2025-06-13 13:00:00,0.92842776
2025-06-13 14:00:00,0.6581108
2025-06-13 15:00:00,0.44609585
2025-06-13 16:00:00,0.23967654
2025-06-13 17:00:00,0.054371063
2025-06-13 18:00:00,-0.06383743
2025-06-13 19:00:00,0.09829305
2025-06-13 20:00:00,0.39995897
2025-06-13 21:00:00,0.71983147
2025-06-13 22:00:00,0.99398744
2025-06-13 23:00:00,1.009365
2025-06-14 00:00:00,0.87624747
2025-06-14 01:00:00,0.6858719
2025-06-14 02:00:00,0.46714574
2025-06-14 03:00:00,0.2680192
2025-06-14 04:00:00,0.087700665
2025-06-14 05:00:00,-0.056393772
2025-06-14 06:00:00,-0.07534613
2025-06-14 07:00:00,0.2707436
2025-06-14 08:00:00,0.59824616
2025-06-14 09:00:00,1.0457038
2025-06-14 10:00:00,1.421976
2025-06-14 11:00:00,1.5669981
2025-06-14 12:00:00,1.5072398
2025-06-14 13:00:00,1.248731
2025-06-14 14:00:00,0.938681
2025-06-14 15:00:00,0.6914843
2025-06-14 16:00:00,0.48447257
2025-06-14 17:00:00,0.27462825
2025-06-14 18:00:00,0.10584733
2025-06-14 19:00:00,0.0323619
2025-06-14 20:00:00,0.28278917
2025-06-14 21:00:00,0.56946176
2025-06-14 22:00:00,0.9042203
2025-06-14 23:00:00,1.0947652
2025-06-15 00:00:00,1.0428267
2025-06-15 01:00:00,0.88676405
2025-06-15 02:00:00,0.69447243
2025-06-15 03:00:00,0.47989592
2025-06-15 04:00:00,0.2856571
2025-06-15 05:00:00,0.11611796
2025-06-15 06:00:00,-0.010022827
2025-06-15 07:00:00,0.090064876
2025-06-15 08:00:00,0.41470215
2025-06-15 09:00:00,0.7758236
2025-06-15 10:00:00,1.2294328
2025-06-15 11:00:00,1.5088938
2025-06-15 12:00:00,1.5894512
2025-06-15 13:00:00,1.4540219
2025-06-15 14:00:00,1.1762145
2025-06-15 15:00:00,0.88631445
2025-06-15 16:00:00,0.6630001
2025-06-15 17:00:00,0.45921642
2025-06-15 18:00:00,0.2679472
2025-06-15 19:00:00,0.12813073
2025-06-15 20:00:00,0.20147234
2025-06-15 21:00:00,0.52809244
2025-06-15 22:00:00,0.8567934
2025-06-15 23:00:00,1.1699032
2025-06-16 00:00:00,1.2796679
2025-06-16 01:00:00,1.2110765
2025-06-16 02:00:00,1.0515226
2025-06-16 03:00:00,0.8274767
2025-06-16 04:00:00,0.59676343
2025-06-16 05:00:00,0.40432593
2025-06-16 06:00:00,0.23597014
2025-06-16 07:00:00,0.13872144
2025-06-16 08:00:00,0.35672286
2025-06-16 09:00:00,0.6839407
2025-06-16 10:00:00,1.1056342
2025-06-16 11:00:00,1.5144387
2025-06-16 12:00:00,1.7120463
2025-06-16 13:00:00,1.7365257
2025-06-16 14:00:00,1.5518677
2025-06-16 15:00:00,1.2609122
2025-06-16 16:00:00,0.97750735
2025-06-16 17:00:00,0.759818
2025-06-16 18:00:00,0.5486785
2025-06-16 19:00:00,0.36257932
2025-06-16 20:00:00,0.25072715
2025-06-16 21:00:00,0.38094932
2025-06-16 22:00:00,0.6998712
2025-06-16 23:00:00,1.0545441
2025-06-17 00:00:00,1.3403325
2025-06-17 01:00:00,1.4040747
2025-06-17 02:00:00,1.3121437
2025-06-17 03:00:00,1.1160985
2025-06-17 04:00:00,0.87568027
2025-06-17 05:00:00,0.660264
2025-06-17 06:00:00,0.4756583
2025-06-17 07:00:00,0.3107668
2025-06-17 08:00:00,0.24508986
2025-06-17 09:00:00,0.47288877
2025-06-17 10:00:00,0.78800905
2025-06-17 11:00:00,1.2024482
2025-06-17 12:00:00,1.5464042
2025-06-17 13:00:00,1.6683882
2025-06-17 14:00:00,1.6230638
2025-06-17 15:00:00,1.4011897
2025-06-17 16:00:00,1.1131433
2025-06-17 17:00:00,0.86386645
2025-06-17 18:00:00,0.6569638
2025-06-17 19:00:00,0.4506845
2025-06-17 20:00:00,0.279867
2025-06-17 21:00:00,0.17877373
2025-06-17 22:00:00,0.36987168
2025-06-17 23:00:00,0.67943335
2025-06-18 00:00:00,1.0539483
2025-06-18 01:00:00,1.3353391
2025-06-18 02:00:00,1.3981495
2025-06-18 03:00:00,1.3062282
2025-06-18 04:00:00,1.1082731
2025-06-18 05:00:00,0.8673669
2025-06-18 06:00:00,0.65183246
2025-06-18 07:00:00,0.46191838
2025-06-18 08:00:00,0.29482776
2025-06-18 09:00:00,0.22049873
2025-06-18 10:00:00,0.4125607
2025-06-18 11:00:00,0.69893634
2025-06-18 12:00:00,1.0796695
2025-06-18 13:00:00,1.3981518
2025-06-18 14:00:00,1.5110618
2025-06-18 15:00:00,1.4670883
2025-06-18 16:00:00,1.2791842
2025-06-18 17:00:00,1.027202
2025-06-18 18:00:00,0.7956794
